row_id	dict	wrong	right	wrong_entry_text	right_entry_text
001	SHS	BUnaya	BUmaya	{#BUnaya#}¦ mfn. ({#-yaH-yI-yaM#}) Made of or consisting the earth. f. ({#-yI#}) A name of Chāyā or shadow personified, the wife of the sun. E. {#BU#} earth, and {#mayaw#} aff.	[no separate entry under this headword]
002	SHS	BadraballI	BadravallI	{#BadraballI#}¦ f. ({#-llI#}) 1. Arabian jasmine, (Jasminum zambac.) 2. The large Bengal creeper, (Gærtnera, racemosa.) E. {#Badra#} lucky, {#vallI#} a creeper.	[no separate entry under this headword]
003	SHS	SilAbalkA	SilAvalkA	{#SilAbalkA#}¦ f. ({#-lkA#}) A medicinal substance said to be of cooling and lithonthriptic properties, commonly termed Silabāk; a sort of lichen or moss. E. {#SilA#} a stone or rock, and {#valka#} bark; also termed {#SilAvalkala, SilAtvac .#}	[no separate entry under this headword]
004	SHS	akASadIpa	AkASadIpa	{#akASadIpa#}¦ m. ({#-paH#}) 1. A lamp or torch lighted in honour of LAKṢMĪ or VIṢṆU, and elevated on a pole in the open air at the Dewali festival, in the month Kartik. 2. A beacon, a lantern on a pole. E. {#AkASa#} and {#dIpa#} a lamp; also {#AkASapradIpaH#}.	[no separate entry under this headword]
005	SHS	diDizupati	diDizUpati	{#diDizupati#}¦ m. ({#-tiH#}) The husband of a woman remarried. E. {#diDizU#} as above, and {#pati#} a husband.	[no separate entry under this headword]
006	SHS	ditisUta	ditisuta	{#ditisUta#}¦ m. ({#-taH#}) 1. Titan or giant. E. {#diti#} as above, and {#suta#} a son.	[no separate entry under this headword]
007	SHS	divaspfTibI	divaspfTivI	{#divaspfTibI#}¦ f. du. ({#-vyO#}) Heaven and earth. E. {#diva#} heaven, and {#pfTivI#} earth, {#sa#} inserted for the sake of euphony.	[no separate entry under this headword]
008	SHS	drabaja	dravaja	{#drabaja#}¦ m. ({#-jaH#}) Treacle. E. {#drava#}, and {#ja#} born. {#dravAt jAyate jana-qa .#}	[no separate entry under this headword]
009	SHS	hastisuRqA	hastiSuRqA	{#hastisuRqA#}¦ f. ({#-RqA#} or {#-RqI#}) 1. An elephant's trunk. 2. A flower, (Heliotropium Indicum.) E. {#hastin#} an elephant, {#SuRqA#} the trunk.	[no separate entry under this headword]
010	SHS	jAmbabat	jAmbavat	{#jAmbabat#}¦ m. ({#-vAn#}) A fabulous bear, father-in-law to KṚṢṆA. E. {#jAmba#} the Jambu tree, and {#matup#} affix; also {#jAmbuvat#}.	[no separate entry under this headword]
011	SHS	jAmbunadamaya	jAmbUnadamaya	{#jAmbunadamaya#}¦ mfn. ({#-yaH-yI-yaM#}) Golden, made of gold. E. {#jAmbUnada#} and {#mayaw#} aff.	[no separate entry under this headword]
012	SHS	jalarupa	jalarUpa	{#jalarupa#}¦ m. ({#-paH#}) The fish of KĀMADEVA. E. {#jala#}, and {#rUpa#} form. {#jalasya rUzam#} {#iva rUpam asya SuBratvAt . makare .#}	[no separate entry under this headword]
013	SHS	kARqapfzwa	kARqapfzWa	[NO ENTRY FOUND under this headword in the current source]	{#kARqapfzWa#}¦ mfn. ({#-zWaH-zWA-zWaM#}) Of the military profession, a soldier. m. ({#-zWaH#}) 1. The husband of a Vaiśya female. 2. An adopted or any other than the natural son. n. ({#-zWaM#}) The bow of {{KAMA->KĀMA||20260617|Scott Rhodes|https://github.com/sanskrit-lexicon/csl-corrections/issues/264|}}. E. {#kARqa#} an arrow, and {#pfzWa#} the back: see {#kARqaspfzwa#}.
014	SHS	kAlyaRineya	kAlyARineya	{#kAlyaRineya#}¦ mfn. ({#-yaH-yI-yaM#}) Sprung from a virtuous or fortunate woman. E. {#kalyARI#}, and {#Qak#} affix, {#inaYa#} inserted.	[no separate entry under this headword]
015	SHS	kAzwakuddAla	kAzWakuddAla	{#kAzwakuddAla#}¦ m. ({#-laH#}) A kind of wooden shovel or scraper used for baling water out of a boat. or for scraping and cleaning its bottom, &c. E. {#kAzWa#} wood, and {#kuddAla#} shovel; also with the first vowel long {#kUddAla, kAzWakUddAla#}.	[no separate entry under this headword]
016	SHS	klItakika	klItakikA	{#klItakika#}¦ f. ({#-kA#}) The indigo plant, (Indigofera Indica.) E. {#krItaka#} traffic, {#kan#} pleonastic, the fem. form; {#ra#} is changed to {#la#}.	[no separate entry under this headword]
017	SHS	kzIraballI	kzIravallI	{#kzIraballI#}¦ f. ({#-llI#}) The dark Bhuincaonra, (Convolvulus paniculatus) E. {#kzIra#} water, and {#vallI#} pedicle: see {#kzIrakandA#}.	[no separate entry under this headword]
018	SHS	laGizwa	laGizWa	{#laGizwa#}¦ mfn. ({#-zWaH-zWA-zWaM#}) 1. Lightest, very light. 2. Very small, least. E. {#laGa#} light, {#izWan#} aff. of the irr. superlative.	[no separate entry under this headword]
019	SHS	maYjarinamra	maYjarInamra	{#maYjarinamra#}¦ m. ({#-mraH#}) The Vetasa plant.	[no separate entry under this headword]
020	SHS	murali	muralI	{#murali#}¦ f. ({#-lI#}) A flute, a pipe. E. {#mura#} surrounding, {#lA#} to get or have, affs. {#ka#} and {#NIz .#}	[no separate entry under this headword]
021	SHS	natyuha	natyUha	{#natyuha#}¦ m. ({#-haH#}) A gallinule.	[no separate entry under this headword]
022	SHS	navakArika	navakArikA	{#navakArika#}¦ f. ({#-kA#}) 1. A bride, a woman newly married. 2. A new com- ment. E. {#nava#} new, and {#kArikA#} agent.	[no separate entry under this headword]
023	SHS	ninittakAla	nimittakAla	{#ninittakAla#}¦ m. ({#-laH#}) Any given or specific time. E. {#nimitta#}, and {#kAla#} time.	[no separate entry under this headword]
024	SHS	nyaNkuBUrUha	nyaNkuBUruha	{#nyaNkuBUrUha#}¦ m. ({#-haH#}) A tree, (Cassia fistula.) E. {#nyaNku#} a deer, and {#BUruha#} a tree. {#SyonAkavfkze .#}	[no separate entry under this headword]
025	SHS	pAniyavarRikA	pAnIyavarRikA	{#pAniyavarRikA#}¦ f. ({#-kA#}) Sand. {#pAnIyamiva varRavati-varRi-Rvul .#}	[no separate entry under this headword]
026	SHS	paNKagrAha	paNkagrAha	{#paNKagrAha#}¦ m. ({#-haH#}) The makara, a marine monster. E. {#paNka#} mud, and {#grAha#} a shark.	[no separate entry under this headword]
027	SHS	padazwIva	padazWIva	{#padazwIva#}¦ n. ({#-vaM#}) The feet and knees. E. {#pad#} a foot, and {#azWIvat#} the knee, deriv. irr.	[no separate entry under this headword]
028	SHS	pitfrupa	pitfrUpa	{#pitfrupa#}¦ m. ({#-paH#}) An epithet of SĪVA.	[no separate entry under this headword]
029	SHS	pratipaTan	pratipaTam	{#pratipaTan#}¦ Ind. Along the road.	[no separate entry under this headword]
030	SHS	pratyupaveza	pratyupaveSa	{#pratyupaveza#}¦ m. ({#-zaH#}) Besetting any one in order to bring him to compliance.	[no separate entry under this headword]
031	SHS	purUzadantikA	puruzadantikA	{#purUzadantikA#}¦ f. ({#-kA#}) A medicinal root; see {#medA#}.	[no separate entry under this headword]
032	SHS	saptAtitama	saptatitama	{#saptAtitama#}¦ mfn. ({#-maH-mA-maM#}) The seventieth.	[no separate entry under this headword]
033	SHS	svarRabalkala	svarRavalkala	{#svarRabalkala#}¦ m. ({#-laH#}) A plant, (Bignonia Indica.) E. {#svarRa#} gold, {#valkala#} bark.	[no separate entry under this headword]
034	SHS	vAcanIka	vAcanika	{#vAcanIka#}¦ mfn. ({#-kaH-kI-kaM#}) 1. Verbal. 2. Textual. E. {#vacana#} and {#Wak#} aff.	[no separate entry under this headword]
035	SHS	vArttayana	vArttAyana	{#vArttayana#}¦ m. ({#-naH#}) A spy, an emissary, an agent, an ambassador, an intelligencer, a news-monger. E. {#vArttA#} news, {#ayana#} going.	[no separate entry under this headword]
036	SHS	viSamaSIla	vizamaSIla	{#viSamaSIla#}¦ mfn. ({#-laH-lA-laM#}) 1. Uneven. 2. Uneasy. E. {#vizama, SIla#} having.	[no separate entry under this headword]
037	SHS	zuh	suh	{#zuh#}¦ r. 4th cl. ({#suhyati#}) 1. To bear, to endure. 2. To be content or satisfied. 3. To be able.	[no separate entry under this headword]
038	YAT	AkzadyUta	akzadyUta	{#Akza-dyUta#}¦ {#(taH)#} 1. {%m.%} Gambling.	{#akza-dyUta#}¦ {#(taH)#} 1. {%m. Idem.%}
039	YAT	AparAhnika	AparAhRika	{#AparA_hnika#}¦ {#(kaH-kI-kaM)#} {%a.%} Of the afternoon, after mid-day.	[no separate entry under this headword]
040	YAT	RaB	naB	{#RaB#}¦ {#(Ya, ya, ga) naBati, te#} 1. {%c.%} {#naByati#} 4. {%a.%} {#naBnAti#} 9. {%a.%} To kill, to die.	[no separate entry under this headword]
041	YAT	RiS	niS	{#RiS#}¦ {#neSati#} 1. {%a.%} To meditate pro- foundly, or abstractedly.	{#niS#}¦ {#(niw)#} 5. {%f.%} Night.
042	YAT	Rij	nij	{#Rij#}¦ {#(la, i) niMkte#} 2. {%d.%} To cleanse with; {#(li, O, ira) nenekti#} to che- rish; {#nenikte#} 3. {%c.%} To purify.	[no separate entry under this headword]
043	YAT	aSanayA	aSanAyA	{#aSanayA#}¦ {#(yA)#} 1. {%f.%} Hunger.	[no separate entry under this headword]
044	YAT	ambukfta	ambUkfta	{#ambu-kfta#}¦ {#(taH-tA-taM)#} {%par.%} Sputtered.	[no separate entry under this headword]
045	YAT	arsasa	arSasa	{#arsasa#}¦ {#(saH)#} {%m.%} Hoemorrhoids.	{#arSasa#}¦ {#(saH-sA-saM)#} {%a.%} Having the piles.
046	YAT	asaMSakta	asaMsakta	{#a-saMSakta#}¦ {#(ktaH-ktA-ktaM)#} {%a.%} Indifferent.	[no separate entry under this headword]
047	YAT	avasfzWa	avasfzwa	{#ava-sfzWa#}¦ {#(zwaH-zwA-zwaM)#} {%p.%} Removed, dismissed.	[no separate entry under this headword]
048	YAT	cInapizWa	cInapizwa	{#cIna-pizWa#}¦ {#(zWaH)#} 1. {%m.%} Lead, red-lead.	[no separate entry under this headword]
049	YAT	drAvana	drAvaRa	{#drAvana#}¦ {#(naM)#} 1. {%n.%} The clearing nut; caus- ing to fly; fusing, distilling.	[no separate entry under this headword]
050	YAT	duzwu	duzWu	{#duzwu#}¦ {#(zwuH-zwuH-zwu)#} {%a.%} Ill; improper.	[no separate entry under this headword]
051	YAT	gaDABft	gadABft	{#gaDABft#}¦ {#(t)#} 5. {%m. Viṣṇu.%}	{#gadA-Bft#}¦ {#(t)#} 5. {%m. Idem.%}
052	YAT	hantAkAra	hantakAra	{#hantA-kAra#}¦ {#(raH)#} 1. {%m.%} Rice to be given to a guest.	[no separate entry under this headword]
053	YAT	lakzmIpala	lakzmIPala	{#lakzmI-pala#}¦ {#(laH)#} 1. {%m.%} Ægle marmelos.	[no separate entry under this headword]
054	YAT	mahAmayA	mahAmAyA	{#mahA-mayA#}¦ {#(yA)#} 1. {%f. Durgā;%} illusion.	[no separate entry under this headword]
055	YAT	mayAvin	mAyAvin	{#mayAvin#}¦ {#(vI)#} 5. {%m.%} A cheat.	{#mAyA-vin#}¦ {#(vI)#} 5. {%m.%} A juggler.
056	YAT	pAradfzvan	pAradfSvan	{#pAra-dfzvan#}¦ {#(zvA-zvA-zva)#} {%a.%} Longsighted.	[no separate entry under this headword]
057	YAT	pakzipARIyaSAlikA	pakzipAnIyaSAlikA	{#pakzi-pARIya-SAlikA#}¦ {#(kA)#} 1. {%f.%} A trough for watering beasts, &c.	[no separate entry under this headword]
058	YAT	prAkPAlguRa	prAkPAlguna	{#prAk-PAlguRa#}¦ {#(RaH)#} 1. {%m. Idem.%}	[no separate entry under this headword]
059	YAT	prAyopavizWa	prAyopavizwa	{#prAyopavizWa#}¦ {#(zwaH-zwA-zwaM)#} {%a.%} Fasting to death.	[no separate entry under this headword]
060	YAT	pratisidDa	pratizidDa	{#prati-sidDa#}¦ {#(dDaH-dDA-dDaM)#} {%a.%} Prohibited.	{#prati-zidDa#}¦ {#(dDaH-dDA-dDaM)#} {%a.%} Forbidden, prohibited, unlawful.
061	YAT	saNGati	saNgati	{#saNGati#}¦ {#(tiH)#} 2. {%f.%} A collecting.	{#sa-Ngati#}¦ {#(tiH)#} 2. {%f.%} Meeting; mix- ture; practicability; intercourse; conversancy, knowledge, search after information.
062	YAT	vESizWya	vESizwya	{#vESizWya#}¦ {#(zWyaM)#} 1. {%n.%} Being possessed of; distinction.	[no separate entry under this headword]
063	YAT	vizwABU	vizWABU	{#vizwABU#}¦ {#(BUH-Bu)#} {%a.%} Born in filth.	{#vizWABU#}¦ {%a.%} Born in filth.
064	YAT	zazWihAyana	zazwihAyana	{#zazWi-hAyana#}¦ {#(naH)#} 1. {%m. Idem.%}	[no separate entry under this headword]
065	ACC	EtareyavrAhmaRa	EtareyabrAhmaRa	{#EtareyavrAhmaRa#}¦ AK 33 (Aṣṭaka 1--3). 34 (Aṣṭaka 3). AS p. 33 (4 MSS.). Bd. 51. IL (a short fragment of 3, 23 ff.). Lz. 20--31. Peters. 5, 37--39 (Pañcikā 5--7). <HI1>C. by Sāyaṇa. AS p. 33. BC 236. 237. Peters. 6, 6 (A. 1--5).	{#EtareyabrAhmaRa#}¦ IO. 310. 697. 1270. 1465. 1721. 1977. 2132. 2381. W. p. 20. Oxf. 382^a. 384^a. Paris (D 140. 197. 198). L. 768. Khn. 4. K. 2. B. 1, 32. 34. Ben. 3. Bik. 46--53. Rādh 1. Haug 13. NW. 26. Burnell 4^a. Bh. 4. Bhk. 5. Poona 1. Oppert 1503. 1670. 1671. 3766. 3868. II, 5482. 6887. 7508. Rice 6. Peters. 1, 113. 2, 167. <HI1><symbol n="C.">C.</symbol> Oppert 1504. 1505. [Page1-075-b+ 49] <HI1><symbol n="C.">C.</symbol> by Govindasvāmin. Quoted in Mādhavīyadhā- tuvṛtti. <HI1><symbol n="C.">C.</symbol> by Sāyaṇa. IO. 1355 (eighth pañcikā). 1836. 1836 A. 2991. L. 1801. Khn. 4. K. 2. B. 1, 34. Ben. 1. Haug 27. 54. Oudh XIII, 6. NP. II, 6. V, 42. Burnell 4^b. Poona 2. Oppert 1672. 7869. II, 1242. 6213. 6219. Peters. 2, 168. ||| {#EtareyabrAhmaRa#}¦ {%read%} Oppert I, 7868 instead of 3868. <HI1><symbol n="C.">C.</symbol> by Sāyaṇa. {%read%} NP. V, 142. ||| {#EtareyabrAhmaRa#}¦ Cs. 81 (Pañcikā 4. 5). CU. add. 1046. Stein 4. <HI1><symbol n="C.">C.</symbol> by Sāyaṇa. Cs. 81 (Pañcikā 4. 5). 82 (P. 3, to the end of the third adhyāya). 83 (P. 2). 84 (P. 3). 85 (P. 4). 86 (P. 5). 87 (P. 6). 88 (P. 7). 89 (P. 8). Stein 4 (Pañcikā 1--3).
066	ACC	QuRqi	QuRQi	{#QuRqi#}¦ Mahārāja, patron of Viśvanātha (Dhuṇḍhipratāpa). [Page1-215-a+ 48]	{#QuRQi#}¦ <HI1>Jātakapaddhati. Burnell 78^a. ||| {#QuRQi#}¦ <HI1>Māṃsādinirṇaya. Bhr. 603. ||| {#QuRQi#}¦ {%read%} Māsādinirṇaya.
067	ACC	SAkawayanavyAkaraRa	SAkawAyanavyAkaraRa	{#SAkawayanavyAkaraRa#}¦ the grammar of the pseudo Śāka- ṭāyana. Gov. Or. Libr. Madras 95. <HI1><symbol n="C.">C.</symbol> Prakriyāsaṃgraha by Abhayacandra. ibid. This is probably a popular arrangement of Śāka- ṭāyana's grammar after the pattern of the Prakriyāḥ. <HI1><symbol n="C.">C.</symbol> Cintāmaṇi by Yakṣavarman. Bhau Dāji 114. Gov. Or. Libr. Madras 27. 93.	{#SAkawAyanavyAkaraRa#}¦ by Abhinavaśākaṭāyana, a grammar set up by the Jaina community in opposition to the orthodox Aṣṭādhyāyī. Mack. 160. Taylor 1, 95. 348. 349. 353. Oppert II, 328. 4984. Rice 24. Bühler 544 (and <symbol n="C.">C.</symbol>). <HI1><symbol n="C.">C.</symbol> Amoghavṛtti. Rice 306. Quoted in Mādha- vīyadhātuvṛtti. <HI1><symbol n="C.">C.</symbol> Prakriyāsaṃgraha by Abhayacandrasiddhānta Sūri. Rice 308. Bühler 544. <HI1><symbol n="C.">C.</symbol> Cintāmaṇi by Yakṣavarman. Mack. 160. Rice 308. W. 1638 (fr.). Bühler 544. <HI1><symbol n="CC.">CC.</symbol> Maṇiprakāśikā by Ajitasena. Rice 308. <HI1><symbol n="CC.">CC.</symbol> Cintāmaṇipratipada by Muṅgarasa. Rice 308. <HI1><symbol n="CC.">CC.</symbol> by Samantabhadra. Rice 308. <HI1><symbol n="C.">C.</symbol> Śākaṭāyanasūtranyāsa. Rice 308. Quoted in Mādhavīyadhātuvṛtti. <HI1>See besides Uṇādisūtra, Dhātupāṭha, Paribhāṣāḥ, Ṣaṭsūtra. ||| {#SAkawAyanavyAkaraRa#}¦ by Abhinavaśākaṭāyana. BC 294. 405 (and C.). 454 (Paribhāṣāsūtra, Gaṇapāṭha, Uṇādi- sūtra, Liṅgānuśāsana). <HI1>C. Amoghavṛtti. Śg. 2, 71 p. 169. <HI1>C. Prakriyāsaṃgraha by Abhayacandrasiddhānta- sūri. BC 406.
068	ACC	SakawAyanasmfti	SAkawAyanasmfti	{#SakawAyanasmfti#}¦ Quoted by Devaṇṇa in Smṛticandrikā.	{#SAkawAyanasmfti#}¦ Quoted in Pravarādhyāya W. p. 62 (the same passage in Nirṇayasindhu), by Hemādri in Pari- śeṣakhaṇḍa p. 215, by Nīlakaṇṭha in Śrāddhama- yūkha (same passage as in H.), by Tirpilisūri W. p. 313.
069	ACC	SatapaTavrAhmaRa	SatapaTabrAhmaRa	{#SatapaTavrAhmaRa#}¦ Vs. Mādhyaṃdina Śākhā, as far as stated. IO. 268. 311. 583 A. 964. 1263. 1277. 1379. 1471. 2143. W. p. 42--45. Oxf. 364. 376^b. 377^a. 378^b. 382^b. 383^a. 385^a. 395^b. Paris (D 144. 145. 147 --49. 159. 160--63. 173. 195). L. 855 (Aṣṭā- dhyāyī). Khn. 4. Kh. 57. B. 1, 36. 38. Ben. 6. 9. Bik. 58--69. Tüb. 15 (III. IV). Rādh 2. NW. [Page1-631-a+ 46] 16. Oudh IV, 1. Burnell 9^a. P. 5. Bhk. 5 (XIV). 6 (XIV). Bhr. 17--23. 496--501. Bonn 121--23. Vienna 16. Oppert II, 2859. 4181. 6963. 7915. 8693. 9847. 10364. Rice 6. W. 1464--70. Peters. 3, 386 (fr.). BP. 285 (fr.). <HI1>Kāṇvaśākhā. IO. 1560 (Ekapādikā). Oxf. 395^a. Paris (D 167--72. 180--87). Ben. 9. Bik. 73 (fr.). <HI1><symbol n="C.">C.</symbol> B. 1, 38. Oppert II, 4975. <HI1><symbol n="C.">C.</symbol> by Kavīndrācārya Sarasvatī. Bik. 71 (fr.). <HI1><symbol n="C.">C.</symbol> by Sāyaṇa. (All MSS. fragmentary). IO. 149. 613. 657. 1071. 1509. Oxf. 361. 388^b. L. 1250. Khn. 4. Kh. 82. Ben. 6. Bik. 69 --73 (most complete). NP. V, 144. W. 1472--76. <HI1><symbol n="C.">C.</symbol> by Harisvāmin or correctly Hariharasvāmin (All MSS. incomplete). IO. 149. 657. Oxf. 361^a. Khn. 4. Kh. 82. 83. Ben. 6. W. 1477--81. <HI1>Śatapathabrāhmaṇakāṇḍādhyāyānukramaṇī in the Kāṇvaśākhā. NP. V, 60. <HI1>Śatapathabrāhmaṇasamānakaṇḍikānta. W. 1471 (title made by myself). <HI1>Śatapathabrāhmaṇānuvākasaṃkhyā by Dāmodara L. 2537. NW. 24.	{#SatapaTabrAhmaRa#}¦ Vs. Mādhyaṃdina Śākhā. Cs. 95--122. 124--134. 551 (Pravargya fr.). 552 (do). 555--88. (2--13). CU. add. 2081 (12). 2082 (7). 2470 (a small portion of 2). 2533 (fragments of 6. 10. 12). 2535 (9). 2537 (12). GB. 13 (13 fr.). Gov. Or. Libr. Madras 92. Oudh XX, 8. XXII, 42. 44. Peters. 4, 4 (fr.). Rgb. 26 (fr.). 27 (fr.). Stein 7--9. <HI1>Kāṇvaśākhā. Cs. 135 (Pravargya). 547 (Pravargya). inc. 589 (Pravargya). inc. <HI1><symbol n="C.">C.</symbol> by Sāyaṇa. Cs. 123 (10). CU. add. 1723--25 (10. 8. 6). Oudh XX, 8. Stein 9 (1--3. 5--11). <HI1><symbol n="C.">C.</symbol> by Harisvāmin. Stein 9 (1). ||| {#SatapaTabrAhmaRa#}¦ Ulwar 123. ||| {#SatapaTabrAhmaRa#}¦ Bd. 46 (inc.). Name not stated. <P>1) Haviryajña. Bd. 42--45. Lz. 51 (1, 1, 3 till 9, 3, 21). 52 (till 1, 6, 3, 41). Peters. 5, 58.--Eka- pādikā. Bd. 42--45. Peters. 5, 59. --3) Adhvara. Bd. 42--45. Peters. 5, 60.--4) Graha. AS p. 193 (2 MSS.). Bd. 42--44. 45 (inc.). --5) Sava. Bd. 45 (inc.). Peters. 5, 61. --6) Ukhāsambharaṇa. Peters. 5, 62. --7) Hastighaṭa wanting. 8) Citi. Peters. 5, 63. --9) Saṃciti. Peters. 5, 64. -- 10) Agnirahasya. Peters. 5, 65. C. by Sāyaṇa. Peters. 6, 1.--11) Aṣṭādhyāyī. AS p. 193 (2 MSS.). --12) Madhyama. Peters. 5, 66. 13) Aśvamedha. AS p. 193. Peters. 5, 67. --14) Āraṇyaka. Lz. 53 (14, 1, 1, 6 up to the end). 54 (from the beginning to the end of the second Prapāṭhaka). Peters. 5, 68. 69 (inc.). <P>{%Kāṇvaśākhā.%} (All the MSS. from AS p. 193). 1) Ekapādikā. 2) Havyakāṇḍa. 3) Uddhāri. 4) Adhvara. 5) Graha. 6) Vājapeya. 7) Rājasūya. 8) Ukhāsam- bharaṇa. 9) Hastighaṭa. 10) Citi (2 MSS., the second inc.). 11) Saṃciti (2 MSS., the second inc.). 12) Agni- rahasya. 13) Aṣṭādhyāyī, called Uddālakakhaṇḍa. [Page3-131-b+ 47] 14) Madhyama (2 MSS.). 15) Aśvamedha. --Khila- khaṇḍa a part of the Bṛhadāraṇyaka. <HI1>C. Vedārthadīpikā by Anantācārya (only on Aṣṭā- dhyāyī). AS p. 193.
070	ACC	SravaRadvAdaSIvratakalpa	SrAvaRadvAdaSIvratakalpa	{#SravaRadvAdaSIvratakalpa#}¦ Gov. Or. Libr. Madras 99.	{#SrAvaRadvAdaSIvratakalpa#}¦ Taylor 1, 415. <HI>--from the Bhaviṣyottarapurāṇa. Taylor 1, 29.
071	ACC	bfhannArayaRopanizad	bfhannArAyaRopanizad	{#bfhannArayaRopanizad#}¦ AS p. 120 (2 MSS.). Lz. 116, 2.	{#bfhannArAyaRopanizad#}¦ See Mahānārāyaṇopaniṣad. ||| {{Lbody=17170}}
072	ACC	dakziRamUrtisaMhitA	dakziRAmUrtisaMhitA	{#dakziRamUrtisaMhitA#}¦ tantr. Ulwar 2164. Extr. 629.	{#dakziRAmUrtisaMhitA#}¦ NP. III, 68. VI, 52. Mysore 4. Bhr. 389. Oppert 7060. Peters. 3, 399. Quoted in Tantrasāra Oxf. 95^a, by Gaurīkānta Oxf. 109^b, by Raghunandana in Dīkṣātattva. ||| {#dakziRAmUrtisaMhitA#}¦ Mentioned in Āgamatattvavilāsa. ||| {#dakziRAmUrtisaMhitA#}¦ tantr. Bhau Dāji 48. IO. 1192. Oudh XX, 248. XXII, 128. Stein 231.
073	ACC	gAyatrIBAsya	gAyatrIBAzya	{#gAyatrIBAsya#}¦ Oxf. 296^b. B. 1, 12. Taylor 1, 282. Oppert II, 6254. <HI>--by Śaṅkarācārya. B. 4, 50. BA. 16.	{#gAyatrIBAzya#}¦ or {#saMDyABAzya#} P. 19. ||| {{Lbody=27080}} ||| {#gAyatrIBAzya#}¦ by Sāyaṇa. Stein 221.
074	ACC	jEminIyanyAyamAlAvistAra	jEminIyanyAyamAlAvistara	{#jEminIyanyAyamAlAvistAra#}¦ by Someśvara (?). Ben. 90.	{#jEminIyanyAyamAlAvistara#}¦ called also {#nyAyamAlAvistara#} or {#aDikaraRaratnamAlA#} and in the South {#BAwwasAra#} a <symbol n="C.">C.</symbol> on the Mīmāṃsāsūtra, by Mādhavācārya. IO. 204. 1321. 1841. Oxf. 220. Hall p. 186. Khn. 60. K. 108. Ben. 88. 89. 92--99. 102--105. 107--16. 119--21. 123--25. 127. 128. Tüb. 12. Rādh 16. Oudh 1876, 16. IV, 5. X, 18. XVI, 120. Bur- nell 85^a. Poona II, 214. 260. 261. Oppert 462. 582. 1292. 2329. 4023. 5282. 5358. 6340. 7955. II, 147. 751. 1070. 1163. 1227. 1346. 1450. 1522. 1533. 2448. 4222. 4458. 4603. 6448. 6531. 6982. 7273. 7475. 7614. 7672. 9411. 9461. 9903. Rice 124. 126. 132. BP. 265. <HI1>Bhāṭṭasārakārikā. Oppert 3332. 4232. ||| {#jEminIyanyAyamAlAvistara#}¦ {%read%} Oudh IV, 15. ||| {#jEminIyanyAyamAlAvistara#}¦ by Mādhavācārya. Oudh XX, 224. XXI, 140. Peters. 4, 23. Rgb. 572. 583. Stein 111 (1--4).
075	ACC	kAwakopanizad	kAWakopanizad	{#kAwakopanizad#}¦ {%add%} Oxf. 365^b. Haug 18. {%read%} W. p. 85. Peters. 3, 383. <HI1><symbol n="C.">C.</symbol> by Śaṅkarācārya. {%delete%} Poona 30. <HI1><symbol n="C.">C.</symbol> by Dāmodarācārya. {%read%} Oudh 1877, 4. <HI1><symbol n="C.">C.</symbol> by Raṅgarāmānuja. {%read%} Oudh XVI, 32. <HI1><symbol n="C.">C.</symbol> by Rāghavendra. {%read%} Oudh 1877, 8. <HI1><symbol n="C.">C.</symbol> by Śaṅkarānanda. {%add%} Burnell 30^a. Poona 30.	{#kAWakopanizad#}¦ or {#kaWavallyupanizad#} or {#kaWopanizad#} IO. 269. 810. 1095 A. 1454. 1686. 1726. 1878. 3182. W. p. 8. Oxf. 385^a. 394^b. Khn. 14. K. 14. B. 1, 56. Report I. Ben. 70. 73. 74. 86. Tüb. 6. Haug 44. Rādh 3 (and <symbol n="C.">C.</symbol>). Oudh IV, 3. IX, 2. Bur- nell 30^a. Bhk. 6. Bhr. 10. 487. Poona 30. 72. Oppert 7173. 7873. II, 1612. 1860. 2463. 3115. 7942. 8484. 8725. 10299. 10300. Rice 6. Peters. 3, 388. <HI1><symbol n="C.">C.</symbol> Oppert 3598. 7875. 7876. II, 3606. 4504. <HI1><symbol n="C.">C.</symbol> by Śaṅkarācārya. IO. 790. 1364. 1454. 1457. W. p. 85. Oxf. 365^b. 395^b. Paris (D 59 b). Khn. 14. K. 14. Kh. 58. B. 1, 58. 60. Ben. 69. Bik. 94. Tüb. 6. Oudh IX, 2. Burnell 30^a. Bhr. 227. Poona 30. Oppert II, 2464. 5171. 7077. 9907. Rice 50. <HI1><symbol n="CC.">CC.</symbol> by Ānandatīrtha. Oxf. 385^a. B. 1, 58. Ben. 85. Oudh IX, 2. XIII, 18. XIV, 12. Tüb. 6. Poona 547. <HI1><symbol n="CC.">CC.</symbol> by Bālagopāla Yogīndra or Gopālayogin. W. p. 85. Oxf. 365^b. L. 721. B. 1, 58. NP. III, 88. 118. <HI1><symbol n="C.">C.</symbol> by Ānadatīrtha. NP. III, 120. L. 1373. Burnell 99^b. Rice 50. <HI1><symbol n="CC.">CC.</symbol> by Vedeśa. Rice 60. <HI1><symbol n="CC.">CC.</symbol> Padārthakaumudī by Vyāsatīrtha. Oxf. 385^a. Burnell 99^b. Oppert 3602. II, 6056. Rice 50. <HI1><symbol n="C.">C.</symbol> by Dāmodarācārya. Oudh IX, 4. <HI1><symbol n="C.">C.</symbol> by Bālakṛṣṇānanda. IO. 810. <HI1><symbol n="C.">C.</symbol> by Bhāsurānanda. NW. 310. [Page1-090-a+ 47] <HI1><symbol n="C.">C.</symbol> Kaṭhavallyupaniṣatprakāśikāby Raṅgarāmānuja. Oudh XIV, 32. <HI1><symbol n="C.">C.</symbol> by Rāghavendra. Oxf. 385^a. Oudh IX, 8. <HI1><symbol n="C.">C.</symbol> Dīpikā. B. 1, 60. Oppert 7874. <HI1>--by Nārāyaṇa. Bhr. 233. <HI1>--by Śaṅkarānanda. IO. 1878. NP. II, 106. III, 120. SB. 373. <HI1>Kaṭhavallyupaniṣadāloka by Vijñānabhikṣu. L. 1812. ||| {#kAWakopanizad#}¦ Cs. 178. Oudh XXI, 26. Rgb. 602 (and <symbol n="C.">C.</symbol>). Stein 25. <HI1><symbol n="C.">C.</symbol> by Śaṅkarācārya. Cs. 178--80. Oudh XXI, 26. Stein 25. <HI1><symbol n="CC.">CC.</symbol> by Ānandatīrtha. Cs. 178. <HI1><symbol n="CC.">CC.</symbol> by Nārāyaṇendrasarasvatī. Oudh XXI, 26. <HI1><symbol n="CC.">CC.</symbol> by Bālagopāla Yogīndra. Rgb. 603. Stein 25. W. 2049. <HI1><symbol n="C.">C.</symbol> Kaṭhavallyupaniṣatprakāśikā. Stein 25. <HI1><symbol n="C.">C.</symbol> by Rāghavendra. Stein 25. <HI1><symbol n="C.">C.</symbol> Dīpikā by Nārāyaṇa. Stein 25. ||| {#kAWakopanizad#}¦ Ulwar 381--83. 452. 453. <HI1><symbol n="C.">C.</symbol> by a pupil of Ānandatīrtha. Ulwar 382. <HI1><symbol n="C.">C.</symbol> by Śaṅkarācārya. Hz. 215. 281. Ulwar 381. <HI1><symbol n="CC.">CC.</symbol> by Bālagopāla Yogīndra. Ulwar 381. <HI1>Dīpikā. Ulwar 383. <HI1>Sixth Vallī. Ulwar 384 (and bhāṣya).
076	ACC	mahAnArayaRopanizad	mahAnArAyaRopanizad	{#mahAnArayaRopanizad#}¦ Av. AS p. 4. 5. Lz. 116, 1. Peters. 6, 35.	{#mahAnArAyaRopanizad#}¦ or {#bfhannArAyaRopanizad#} or, according to Burnell, {#paramatattvarahasyopanizad#} IO. 269. 1686. 1726. 3182. L. 12. Khn. 20. B. 1, 108. 112. 114. Report II. Haug 18. 44. Rādh 4. Oudh IV, 5. 7. Burnell 34^b. Bhr. 10. 487. Oppert 6118. II, 3227. <HI1>Dīpikā by Nārāyaṇa. Bhr. 233. ||| {#mahAnArAyaRopanizad#}¦ Gov. Or. Libr. Madras 66. Stein 33. ||| {#mahAnArAyaRopanizad#}¦ Ulwar 431. 453. <HI1>Dīpikā by Nārāyaṇa. Ulwar 431.
077	ACC	metrAyaRIyopanizad	mEtrAyaRIyopanizad	{#metrAyaRIyopanizad#}¦ Hz. 1173.	{#mEtrAyaRIyopanizad#}¦ severally called {#mEtrAyaRopanizad#} or {#mEtrAyaRyupanizad#} or {#mEtreyISAKopanizad#} or {#mEtreyopa-#} {#nizad#} or {#mEtreyyupanizad#} or {#mEtryupanizad#} IO. 1726. 3182. Khn. 20. B. 1, 122. Haug 31. 44. Rādh 4 (and <symbol n="C.">C.</symbol>). Burnell 35^a. Bhr. 487. Oppert 8179. 8180. II, 6943. Bühler 537. <HI1><symbol n="C.">C.</symbol> Rice 58. <HI1><symbol n="C.">C.</symbol> Bhāṣya. Kh. 58. <HI>--by Śaṅkarācārya. Oppert II, 4855. 9976. <HI1><symbol n="C.">C.</symbol> Bhāṣyadīpikā. Burnell 35^a. <HI1><symbol n="C.">C.</symbol> Dīpikā B. 1, 122. Burnell 35^a. <HI>--by Nārāyaṇa. Oudh V, 2. <HI>--by Prakāśātman. Bhk. 7. <HI>--by Rāmatīrtha. Sūcīpattra 59. <HI1>Maitreyopaniṣadāloka by Vijñānabhikṣu. L. 1811. ||| {#mEtrAyaRIyopanizad#}¦ Cs. 614. CU. add. 1103. 1158. <HI1>Gov. Or. Libr. Madras 71. <HI1><symbol n="C.">C.</symbol> Cs. 613. <HI1>Dīpikā. Stein 35.
078	ACC	parAmArTasAra	paramArTasAra	{#parAmArTasAra#}¦ or {#SezAryA#}¦ śaiva, attributed to Śeṣanāga. Oxf. 353^a. Hall p. 105. L. 698. NW. 308. Bur- nell 93^b. Poona 629. <HI1><symbol n="C.">C.</symbol> by Rāghavānanda Muni. Hall p. 105. NW. 322. Burnell 93^b. Poona 629.	{{Lbody=2113}} ||| {#paramArTasAra#}¦ śaiva, by Abhinavagupta. Report XXX (Para- mārthasaṃgrahavivṛti). BP. 269. 270. SB. 411. <HI1><symbol n="C.">C.</symbol> SB. 410. <HI1><symbol n="C.">C.</symbol> by Kṣemarāja. Report XXX. BP. 270. ||| {#paramArTasAra#}¦ or {#ADArakArikAH#}¦ śaiva, by Abhinavagupta. Oxf. 238^a. Hall p. 199. Quoted by Nāgeśa in the Mañjūṣā Oxf. 178^a. <HI1><symbol n="C.">C.</symbol> by Abhinavagupta. Oudh IX, 22. <HI1><symbol n="C.">C.</symbol> by Vitastāpurī. Oxf. 238^a.
079	ACC	rAsayAtraviveka	rAsayAtrAviveka	{#rAsayAtraviveka#}¦ by Śūlapāṇi. L. 4059.	{#rAsayAtrAviveka#}¦ a fragment from some work of Śūla- pāṇi. Tüb. 15.
080	ACC	rupagosvAmin	rUpagosvAmin	{#rupa gosvAmin#}¦ brother of Sanātana and Vallabha, son of Kumāra, grandson of Mukunda. See Sarvajña: <HI1>Ujjvalanīlamaṇi. <HI1>Utkalikāvallarī, written in 1550. <HI1>Uddhavadūta. <HI1>Upadeśāmṛta. <HI1>Kārpaṇyapuñjikā. <HI1>Gaṅgāṣṭaka. <HI1>Govindavirudāvalī. <HI1>Gaurāṅgasurakalpataru. <HI1>Caitanyāṣṭaka. <HI1>Chandoṣṭādaśaka. <HI1>Dānakelikaumudī. <HI1>Nāṭakacandrikā. <HI1>Padyāvalī. <HI1>Paramārthasaṃdarbha. [Page1-533-b+ 48] <HI1>Prītisaṃdarbha. <HI1>Premendusāgara. <HI1>Bhaktirasāmṛtasindhu (?). <HI1>Mathurāmahiman. <HI1>Mukundamuktāratnāvalīstotraṭīkā. <HI1>Yamunāṣṭaka. <HI1>Rasāmṛta. According to the Vaiṣṇavatoṣiṇī, he wrote two works with that name. <HI1>Lalitamādhava nāṭaka. <HI1>Vidagdhamādhava nāṭaka, written in 1549. <HI1>Vilāpakusumāñjali. <HI1>Vrajavilāsastava. <HI1>Śikṣādaśaka. <HI1>Saṃkṣepāmṛta. Sūcīpattra 73. This is no doubt the Saṃkṣepabhāgavatāmṛta. <HI1>Sādhanapaddhati. <HI1>Stavamālā. <HI1>Haṃsadūtakāvya. <HI1>Harināmāmṛtavyākaraṇa (?). <HI1>Harekṛṣṇamahāmantrārthanirūpaṇa	{#rUpa gosvAmin#}¦ <HI1>Vidagdhamādhava nāṭaka, written in 1533. <HI1>Vedāntasyamantaka. ||| {#rUpa gosvAmin#}¦ <HI1>Rasāmṛtaśeṣa alaṃk. ||| {#rUpagosvAmin#}¦ <HI1>Keśavāṣṭaka. <HI1>Mathurāmāhātmya. <HI1>Saṃkṣepabhāgavatāmṛta. <HI1>Sādhanāmṛta. <HI1>Stavamālā, composed in 1550. Catal. IO. No. 3943. <HI1>Smaraṇamaṅgalaikadaśaka.
081	ACC	sAttvikavrahmavidyAvilAsa	sAttvikabrahmavidyAvilAsa	{#sAttvikavrahmavidyAvilAsa#}¦ vaiṣṇava. Taylor 1, 181. 224. 301. Oppert 5213.	{#sAttvikabrahmavidyAvilAsa#}¦ Gov. Or. Libr. Madras 105.
082	ACC	saMnyasaviDi	saMnyAsaviDi	{#saMnyasaviDi#}¦ Kh. 62. Rice 220. BP. 301. <HI>--Baudh. B. 1, 186. <HI>--attributed to Śaunaka. L. 683. See Ekadaṇḍisaṃ- nyāsavidhi. <HI>--by Viṣṇucitta. Oppert 5207. II, 8471. <HI>--by Viṣṇutīrtha. Burnell 109^b. Oppert II, 7731.	{#saMnyAsaviDi#}¦ dh. Gov. Or. Libr. Madras 103. <HI>--attributed to Śaunaka. Peters. 4, 11. See Hemādri Pariśeṣakhaṇḍa 1, 130. ||| {#saMnyAsaviDi#}¦ CS 2, 522.
083	ACC	viSvarUpanivanDa	viSvarUpanibanDa	{#viSvarUpanivanDa#}¦ from the Bhaviṣyottarapurāṇa. Ulwar 1456.	{#viSvarUpanibanDa#}¦ a part of the Bhaviṣyottarapurāṇa. W. p. 136. Bik. 497 (fr.). Quoted by Raghunandana, Kamalākara and in Muhūrtacintāmaṇiṭīkā.
084	ACC	vivekacUqAmaRI	vivekacUqAmaRi	{#vivekacUqAmaRI#}¦ by Śaṅkarācārya. Ulwar 560.	{#vivekacUqAmaRi#}¦ Pheh 12. Poona 427. <HI>--by Śaṅkarācārya. L. 959. B. 4, 92. Oudh XV, 114. Burnell 90^b. Bhr. 261. Oppert 6788. 6999. 7522. 7636. II, 2410. 2747. 3460. 5567. 7121. 8125. 8354. 10067. Rice 172. 176. ||| {#vivekacUqAmaRi#}¦ by Śaṅkarācārya. Gov. Or. Libr. Madras 86. ||| {#vivekacUqAmaRi#}¦ by Śaṅkarācārya. Whish 23 c.
085	ACC	zadarTasaMkzepa	zaqarTasaMkzepa	{#zadarTasaMkzepa#}¦ vedānta by Rāmamiśra. Quoted in Nyāya- siddhāñjana pp. 106. 122. 125. 130.	{#zaqarTasaMkzepa#}¦ Quoted by Śrīnivāsadāsa in Yatīndramatadīpikā.
086	ACC	zadftuvarRana	zaqftuvarRana	{#zadftuvarRana#}¦ kāvya by Kṛṣṇa Bhaṭṭa. Bd. 475. [Page3-141-a+ 44]	{#zaqftuvarRana#}¦ kāvya. Burnell 163^a. <HI>--by Vrajarāja Dīkṣita. Kāvyamālā. ||| {#zaqftuvarRana#}¦ by Viśveśvara, son of Lakṣmīdhara. Mentioned in Kāvyamālā VIII, 52.
087	PWG	BAvavanDana	BAvabanDana	{#BAvavanDana#}¦ ({#BAva#} + {#ba˚#}) <lex>adj.</lex> {%die Herzen verbindend%}: {#preman#} <ls>RAGH. 3,24</ls>.	[no separate entry under this headword]
088	PWG	Dabalapakza	Davalapakza	{#Dabalapakza#}¦ ({#Da˚#} + {#pakza#}) <lex>m.</lex> {%Gans%} <ls>RĀJAN.</ls>_im_<ls>ŚKDR.</ls> — Nach <ls>ŚKDR.</ls> und <ls>WILS.</ls> auch {%die lichte Hälfte eines Mondmonats, die Zeit des zunehmenden Mondes%}.	[no separate entry under this headword]
089	PWG	arTavanDa	arTabanDa	{#arTavanDa#}¦, {#lalitArTabanDaM pattre niveSitamudAharaRaM priyAyAH#} <ls>VIKR. 32</ls>.	{#arTabanDa#}¦ ({#a˚#} + {#pra˚#}) <lex>m.</lex> {%das Band der Begriffe, Worte, Text%} <ls>ŚĀK. 164</ls>.
090	PWG	avakaSa	avakASa	{#avakaSa#}¦ {%das Herableuchten%}: {#nakzatrARAmavakASena puRqarIkaM jAyate#} <ls>PAÑCAV. BR. 18,9,6</ls>. <div n="1">— 2〉 {#(anayoH stanayoH) avakASo na paryAptastava bAhulatAntare#} {%kein Platz, kein Raum für%} <ls>Spr. 3451</ls>. {#AkASamavakASapradAne#} <ls>Verz. d. Oxf. H. 225,a,8 v. u.</ls> {#tamasAmavakASAya#} {%damit die Finsterniss Platz greifen könne%} <ls>Spr. 1588</ls>. {#na DvAntamantarBavane 'vakASaM karoti#} <ls>VARĀH. BṚH. S. 43,33</ls>. {%Gelegenheit%} so <ab>v. a.</ab> {%Musse%} <ls n="VARĀH. BṚH. S.">2879</ls>.	{#avakASa/#}¦ (von {#kAS#} mit {#ava#}) <lex>m.</lex> <div n="1"> 1〉 {%ein auf Etwas gerichteter Blick%}, <ab>techn.</ab> Bezeichnung einiger Sprüche, bei deren Recitation {%auf%} gewisse [Page1-0468] Gegenstände {%geblickt wird%}. <ls>ŚAT. BR. 4,5,6,1</ls>. <ls n="ŚAT. BR.">14,1,4,1</ls>. <ls n="ŚAT. BR. 14,">2,2,51</ls>. <ls>KĀTY. ŚR. 9,7,9</ls>. {%die hierzu Zuzulassenden%} heissen {#avakASya#} <ls>KĀTY. ŚR. 9,8,16</ls>. <ls n="KĀTY. ŚR.">12,5,11</ls>. <ls n="KĀTY. ŚR.">26,7,52</ls>; {%die nicht Zugelassenen%} {#anavakASita#} <ls>HARISV.</ls>_zu_<ls>ŚAT. BR. 4,5,6,5</ls>. <div n="1">— 2〉 {%Platz, Raum, Gelegenheit%} <ls>AK. 3,4,120</ls>. {#avakASezu cokzezu nadItIrezu cEva hi . viviktezu ca tuzyanti dattena pitaraH sadA ..#} <ls>M. 3,207</ls>. {#avakASo vivikto 'yaM mahAnadyoH samAgame#} <ls>R. 2,54,21</ls>. <ls n="R.">5,15,12</ls>. <ls>SUŚR. 1,33,17</ls>. <ls n="SUŚR. 1,">326,11</ls>. <ls>VIKR. 62,15</ls>. {#mahAvakASa#} {%geräumig, weit%} <ls>KAUŚ. 24</ls>. {#yaTAvakASam#} <lex>adv.</lex> {%nach Verhältniss des Raumes%} <ls>ṚV. PRĀT. 15,2</ls>. {#yaTAvakASaM nI#} {%an seinen Platz bringen%} <ls>RAGH. 6,14</ls>. {#asmAkamasti na kaTaMcidihAvakASaH#} <ls>PAÑCAT. IV, 9</ls> (<ab>vgl.</ab> <ls>SĀH. D. 43,19. fgg.</ls>). {#avakASo na SAntvasya rAkzasezviha dfSyate .. na dAnasya na Bedasya nEva yudDasya dfSyate . gatiratra caturRAM hi vAnarARAM mahAtmanAm ..#} <ls>R. 5,9,28</ls>. <ls n="R. 5,9,">29</ls> {#supi cetyasyAvakASaH . vfkzAByAm#} {%die Regel%} {#supi ca#} {%findet Anwendung in dem Beispiele%} {#vf˚#} (<ab>vgl.</ab> {#anavakASa#} und <ls>P. 1,4,1</ls>, <ab>Sch.</ab>) <ls>P. 1,4,2</ls>, <ab>Sch.</ab> {#tato na nyUnatvaSaNkAvakASaH#} <ls>MADHUS.</ls>_in_<ls>Ind. St. 1,14,3</ls>. {#avakASaM kar#} oder {#dA#} {%Platz machen, Raum geben, Einlass geben%}: {#udyamAya ha tamavakASaM karoti#} <ls>ŚAT. BR. 8,5,1,13</ls>. {#taTAparasmA avakASaM na karoti#} <ls n="ŚAT. BR.">13,8,1,19</ls>. <ls n="ŚAT. BR. 13,8,1,">20</ls>. <ls n="ŚAT. BR. 13,8,">3,12</ls>. <ls n="ŚAT. BR.">10,2,2,7</ls>. {#BARqAvakASada#} (Räubern) <ls>M. 9,271</ls>. <ls n="M. 9,">278</ls>. <ls>YĀJÑ. 2,276</ls>. {#Sayane datto 'vakASaH#} <ls>AMAR. 18</ls>. <ls>RAGH. 4,58</ls>. {#tasmAddeyo vipulamatiBirnAvakASo 'DamAnAm#} <ls>PAÑCAT. I, 410</ls>. {#dadO ca nijacitte 'pi so 'vakASaM manoBuvaH#} <ls>KATHĀS. 20,71</ls>. {#asO hi dattvA timirAvakASam#} ({%der Finsterniss Einlass gebend%}) {#astaM vrajatyunnatakowirinduH#} <ls>MṚCCH. 44,22</ls>. {#avakASapradAna#} <ls>GARBHOP.</ls>_in_<ls>Ind. St. 2,66</ls>. {#avakASaM laB#} {%Platz finden, festen Fuss gewinnen, eine günstige Aussicht, Gelegenheit erlangen%}: {#CAyA na mUrCati malopahataprasAde SudDe tu darpaRatale sulaBAvakASA#} <ls>ŚĀK. 191</ls>. {#labDAvakASo me manoraTaH#} <ls n="ŚĀK.">15,10</ls>. {#labDAvakASA me prArTanA#} <ls n="ŚĀK.">17,14</ls>. {#SokAvegadUzite me manasi viveka eva nAvakASaM laBate#} <ls>PRAB. 91,17</ls>. {#labDAvakASastasya#} ({%ihm beizukommen%}) {#aBUt#} <ls>KATHĀS. 5,108</ls>. {#labDAvakASo 'viDyanmAM#} (so ist zu lesen) {#tatra dagDo manoBavaH#} <ls n="KATHĀS.">1,41</ls>. auch {#avakASamAp#} <ls n="KATHĀS.">24,227</ls>. {#avakASaM ruD#} {%keinen Raum geben, hindern, hemmen%}: {#nidrAm — nayanasalilotpIqarudDAvakASAm#} <ls>MEGH. 88</ls>. <div n="1">— 3〉 {%Zwischenraum, Oeffnung%} <ls>AK. 3,4,189</ls>. <ls>SUŚR. 1,359,13</ls>. <ls n="SUŚR.">2,80,12</ls>. {#IzadavakASaM gatvA#} zur <ab>Erkl.</ab> von {#stokamantarA gatvA#} <ab>Sch.</ab> zu <ls>ŚĀK. 8,9</ls>. <div n="1">— 4〉 {%Zwischenzeit%}: {#aTa yAnyUrDvAni krayAdahAni tasminnavakASe 'DvaryuragniM cenoti#} <ls>ŚAT. BR. 6,2,2,29</ls>. <div n="v">— <ab>Vgl.</ab> {#aByavakASa, aBrAvakASika, aBrAvakASin#}. ||| {#avakASa#}¦ 2〉 {#saMprApya mUQabudDInAmavakASam#} {%Gelegenheit ihnen beizukommen%} <ls>Spr. (II) 6886</ls>.
091	PWG	biBedayisu	biBedayizu	{#biBedayisu#}¦ (vom <ab>desid.</ab> des <ab>caus.</ab> von {#Bid#}) <lex>adj.</lex> {%zu entzweien beabsichtigend%} <ls>MBH. 5,5822</ls>.	[no separate entry under this headword]
092	PWG	dIvAkIrtya	divAkIrtya	{#dIvAkI/rtya#}¦ ({#divA#} + {#kI˚#}) <div n="1"> 1〉 <lex>adj.</lex> {%was bei Tage herzusagen, auszusprechen ist%}; <lex>n.</lex> <ab>Bez.</ab> {%bestimmter Recitationen%} oder {%Gesänge%}: {#divAkIrtyamadivA kIrtayantaH sUryo jyotirna tadA jyotirezAm#} <ls>AIT. BR. 5,31</ls>. {#˚pfzWaH sUryasya#} <ls>LĀṬY. 10,3,15</ls>. {#sAma#} <ls>ŚĀṄKH. ŚR. 16,14,13</ls>. <ls>Ind. St. 3,228</ls>. {#taddivAkIttyAnAM brAhmaRe vyAKyAyate#} <ls>ŚAT. BR. 4,1,5,15</ls>. {#tasya devA divAkIrtyEstamo 'pAGnan#} <ls>PAÑCAV. BR. 4,6</ls>. {#mahA˚ (pfzWa)#} <ls>ŚĀṄKH. ŚR. 11,13,1</ls>. <ls n="ŚĀṄKH. ŚR.">14,4,6</ls>. {%mit einer bei Tage (nach Sonnenuntergang) stattfindenden Recitation <ab>u. s. w.</ab> versehen%}: {#ahaH#} <ls>AIT. BR. 4,18</ls>. <ab>Schol.</ab> zu <ls>KĀTY. ŚR. 13,2,20</ls>. <ls>PAÑCAV. BR. 23,16</ls>. <ls>ṢAḌV. BR. 3,12</ls>. <ls>KĀṬH. 30,5</ls>. <div n="1">— 2〉 <lex>m.</lex> {%ein%} <is>Caṇḍāla</is> (<ab>vgl.</ab> {#divAkIrti#}): {#antaHSave grAme 'ntardivAkIrtye#} ({#anaDyAyaH#}) <ls>PĀR. GṚHY. 2,11</ls>.	{#divAkIrtya^#}¦ (so zu lesen) <div n="1"> 1〉 <ls>TS. 7,3,10,1</ls>. <div n="v">— <ab>Vgl.</ab> {#mahA˚#}.
093	PWG	duzwu	duzWu	{#duzwu/#}¦ (<hom>2.</hom> {#duz#} + {#sTu#} von {#sTA#}) <ls>UṆĀDIS. 1,26</ls>. <is>gaṇa</is> {#udgAtrAdi#} zu <ls>P. 5,1,129</ls>. <lex>adj.</lex> {%sich schlecht betragend%} <ls>UJJVAL.</ls> <lex>adv.</lex> einen {%Tadel%} bezeichnend <is>gaṇa</is> {#svarAdi#} zu <ls>P. 1,1,37</ls>. <is>gaṇa</is> {#suzAmAdi#} (hier fälschlich {#suzwu#}) zu <ls>P. 8,3,98</ls>. <ls>AK. 3,5,19</ls>. <ls>H. 1541</ls>. <div n="v">— <ab>Vgl.</ab> {#dOzWava, suzWu#}.	{#duzWu#}¦ <ab>Z.</ab> 3 lies {#duzwu#} <ab>st.</ab> {#suzwu#}.
094	PWG	paRavanDa	paRabanDa	{#paRavanDa#}¦ ({#paRa#} + {#ba˚#}) <lex>m.</lex> {%das Abschliessen eines Vertrags%} <ls>RAGH. 8,21</ls>. <ls n="RAGH.">10,87</ls>. <ab>Schol.</ab> zu <ls>P. 3,4,8</ls>. <ls n="P.">6,2,154</ls>.	{#paRabanDa#}¦ <ls>DAŚAK.</ls>_in_<ls>BENF. Chr. 191,16</ls>. {#dAsya˚#} {%eine Wette um%} <ls n="BENF. Chr.">183,20</ls>.
095	PWG	pfzwavanDu	pfzwabanDu	{#pfzwavanDu#}¦ vielleicht {%der seine Sippe aufgesucht hat, Gast seiner Verwandtschaft%}; <ab>vgl.</ab> {#banDupfcC#}.	{#pfzwabanDu#}¦ (<hom>1.</hom> {#pfzwa#} + {#ba˚#}) <lex>adj.</lex> etwa {%anhängende Sippe —, Anhang habend%}: {#yASca^ mA\yA mA\yinA^M viSvaminva\ tve pU\rvIH sa^Mda\DuH pf^zwabanDo#} <ls>ṚV. 3,20,3</ls>.
096	PWG	tarAvalI	tArAvalI	{#tarAvalI#}¦ 1〉 {%eine Menge von Sternen%} <ls>KATHĀS. 73,340</ls>. <div n="1">— 2〉 {%eine <ab>best.</ab> rhetorische Figur%}: {#tArARAM saMKyayA padyEryuktA tArAvalI matA#} <ls>PRATĀPAR. 19,b,5</ls>. <div n="1">— 3〉 <ab>N. pr.</ab> verschiedener göttlicher und menschlicher Frauen <ls>KATHĀS. 69,90</ls>. <ls n="KATHĀS.">85,4</ls>. <ls n="KATHĀS.">123,82</ls>.	{#tArAvalI#}¦ ({#tArA#} + {#AvalI#}) <lex>f.</lex> <ab>N. pr.</ab> einer Tochter des <is>Yakṣa</is>- Fürsten <is>Maṇibhadra</is> <ls>DAŚAK. 117,10</ls>.
097	PWG	tfzitottara	tfzitottarA	{#tfzitottara#}¦ ({#tfzita#} <lex>n.</lex> + {#uttara#} 4,e) <lex>f.</lex> <ab>N.</ab> einer Pflanze ({#aSanaparRI#}) <ls>ŚABDAC.</ls>_im_<ls>ŚKDR.</ls>	[no separate entry under this headword]
098	PWG	yajYamus	yajYamuz	{#yajYamu/s#}¦ ({#yajYa#} + <hom>2.</hom> {#muz#}) <lex>adj.</lex> {%das Opfer raubend%}; <lex>m.</lex> {%ein dem Opfer nachstellender Dämon%} <ls>TS. 3,5,4,1</ls>. <ls>KĀṬH. 32,6</ls>. <ls>MBH. 3,14165. fg.</ls> <ls>VARĀH. BṚH. S. 19,13</ls>. <div n="v">— <ab>Vgl.</ab> {#izwimuz#}.	[no separate entry under this headword]
099	MCI	arunDatIvAwa	arunDatIvawa	{@Arundhatīvāṭa@}¦ m.: Name of a {%tīrtha (?)%} <div n="P">One who is on a pilgrimage ({%tīrtha-%} {%sevī%}) is advised by Pulastya to visit Arun- dhatīvaṭa 3. 82. 37 (Name of a banyan tree situated near the Sāmudraka {%tīrtha %}?).	[no separate entry under this headword]
100	MCI	asvaSiras	aSvaSiras	{@Asvaśiras@}¦ nt.: Name of a {%tīrtha.%} {@A.@} Description: Holy ({%puṇya%}) 7. 57. 28. {@B.@} Epic events connected with this {%tīrtha:%} (1) The sage Bṛhadaśva taught {%akṣahṛdaya%} (the secret science of the game of dice), which he knew thoroughly well (3. 78. 15), to Yudhiṣṭhira (to dispel the latter's fear of losing everything once again in the game of dice), and then went to Aśvaśiras to bathe ({%dattvā cāśvaśiro 'gac-%} {%chad upaspraṣṭuṃ mahātapāḥ%}) 3. 78. 17 (Nī., however, on Bom. Ed. 3. 79. 21: {%aśvaśiro 'svavidyām yayā bṛhadaśva iti%} {%muner nāma / upaspraṣṭuṃ snānādikaṃ%} {%kartum%}) (this Aśvaśiras apparently was in the vicinity of the Kāmyaka forest where Bṛhadaśva met the Pāṇḍavas 3. 49. 2, 29); (2) Arjuna, on his way to the mountain Himavant to receive the Pāśupata {%astra%} from Śiva crossed many places near the Himavant, one of them being Aśvaśiras 7. 57. 28 (this Aśvaśiras seems to be different from the one referred to in the above event).	[no separate entry under this headword]
101	MCI	baliha	balIha	{@Baliha@}¦ m. (pl.): Name of a people. <div n="P">Listed by Bhīma among the eighteen peoples whose kings were known to have extirpated their kinsmen, friends and rela- tives; Arkaja was then the king of Balīhas ({%aṣṭādaśeme rājānaḥ prakhyātā … /ye%} {%samuccicchidur jñātīn suhṛdaś ca sabāndha-%} {%vān // … arkajaś ca balīhānām%}) 5. 72. 11, 14.	[no separate entry under this headword]
102	MCI	brahmopanisad	brahmopanizad	{@Brahmopanisad@}¦ f.: Name of a text (?) (or ‘a secret doctrine related to {%brahman%}’ ?) [Page193-a+ 39] <div n="P">At the end of the war, Dhṛtarāṣṭra, when he met the sage Vyāsa, learnt it, along with the duties of a king 15. 43. 2-3 ({%sa rājā%} {%rājadharmāṃś ca brahmopaniṣadaṃ tathā / %} {%avāptavān naraśreṣṭhaḥ … dhṛtarāṣṭraḥ%} {%samāsādya vyāsaṃ cāpi tapasvinam //%}).	[no separate entry under this headword]
103	MCI	dakzinApaTa	dakziRApaTa	{@Dakṣināpatha@}¦ m. (pl.): Name of the southern region; its people referred to as {%dakṣiṇāpathavāsin%} (5. 19. 23). {@A.@} Characteristics: The people of Dakṣiṇāpatha are described as very heroic ({%mahāvīrya%}) 5. 19. 23; Talavaras, Andhra- kas and others born in Dakṣiṇāpatha ({%dakṣiṇāpathajanmānaḥ%}) did not believe in Dhātṛ or Bhūtapati as being the {%adhyakṣa%} of all the beings (12. 200. 33, 38); they are sinful; they roam over the earth; they lead the life of dogs, crows, {%balas%} (?), and vultures; they did not exist in the Kṛta age but are to be met with since [Page740-b+ 39] the Tretāyuga 12. 200. 39-42 (for citation see Andhraka). {@B.@} Epic event: King Nīla of Māhiṣmatī, along with the heroic warriors of Dakṣiṇāpatha, joined the army of Duryodhana ({%dakṣiṇāpathavāsibhiḥ%}) 5. 19. 23. {@C.@} Past event: Nala showed to Damayanti many paths which led to Dakṣiṇāpatha ({%ete gacchanti bahavaḥ pan-%} {%thāno dakṣiṇāpatham%}) 3. 58. 20 [See {@Dākṣiṇātya@}].	[no separate entry under this headword]
104	MCI	kikawa	kIkawa	{@Kikaṭa@}¦ m. (pl.): Name of a people. <div n="P">Karṇa related to Saṃjaya what a Brāhmaṇa had told the assembly of the Kurus (8. 30. 41) regarding the Kīkaṭas; he had said that the Kīkaṭas were follo- wers of bad religion and one should avoid them ({%kīkaṭāṭavīn / … durdharmāṃś ca%} {%vivarjayet%}) 8. 30. 45.	[no separate entry under this headword]
105	MCI	mAkandi	mAkandI	{@Mākandi@}¦ f.: Name of the southern part of the Pāñcāla country. {@A.@} Location: Region south of Gaṅga up to the river Carmaṇvatī ({%mākandīm%} {%atha gaṅgāyās tīre … /dakṣiṇāṃś caiva%} {%pāñcālān yāvac carmaṇvatī nadī%}) 1. 128. 15; ({%rājāsi dakṣiṇe kūle bhāgīrathyāham%} [Page832-a+ 40] {%uttare /%}) 1. 128. 12. {@B.@} Its Capital: Kāmpilya, the best of the towns ({%kām-%} {%pilyaṃ ca purottamam%}) 1. 128. 15. {@C.@} Description: It had many Janapadas ({%mākandīm...janapadāyutām%}) 1. 128. 15. {@D.@} Epic event: Defeated Drupada was offered by Droṇa half of the kingdom of the Pāñcāla country (1. 128. 10); Dru- pada then went to Mākandī and settled down at Kāmpilya 1. 128. 15.	[no separate entry under this headword]
106	MCI	mahAnadi	mahAnadI	{@Mahānadi<sup>1</sup>@}¦ f.: Name of a river. {@A.@} Location: Listed by Saṃjaya among the rivers of the Bhāratavarṣa; its water used by people for drinking 6. 10. 26, 13; in the east ({%prācīṃ diśam abhiprepsuḥ%} 1. 207. 5) 1. 207. 7; 3. 85. 3; near Gayā, Gayāśiras and Brahmaśiras ({%mahānadī ca%} {%tatraiva%}) 3. 85. 8; ({%puṇyā caiva mahānadī%}) 3. 93. 10. {@B.@} Description: Described as holy ({%puṇyā%}) 3. 93. 10; all the rivers listed by Saṃjaya are said to be mothers of the universe and very strong 6. 10. 35 (for citation see {@Atikṛṣṇā@}). {@C.@} Epic event: Arjuna, during his exile, came across the Mahānadī while he was proceeding towards the east 1. 207. 7, 5. {@D.@} Past event: One of the rivers seen by Mārkaṇḍeya in the belly of the Bāla (3. 186. 83 = Nārāyaṇa 3. 187. 3) 3. 186. 95. {@E.@} Holiness: By bathing ({%upaspṛśya%}) in this river and by satisfying manes and gods (by giving offerings to them) one gets imperishable worlds and rescues his family ({%akṣayān prāpnuyāl lokān kulaṃ%} {%caiva samuddharet%}) 3. 82. 73. {@F.@} Impor- tance: Finds mention in the Daivata-Ṛṣi- Vaṃśa 13. 151. 15, 2.	{@Mahānadī<sup>2</sup>@}¦ f.: Name of a river of the Śākadvīpa. <div n="P">Listed by Saṃjaya among the rivers of the Śākadvīpa 6. 12. 30; all the rivers of the Śākadvīpa contain holy water ({%puṇyajalāḥ%}) 6. 12. 29, ({%puṇyodāḥ%}) 6. 12. 31; all of them are holy and excellent rivers ({%puṇyās tā hi%} {%saridvarāḥ%}) 6. 12. 32; Vāsava (Indra) gives rain after collecting water from these rivers ({%yato varṣati vāsavaḥ%}) 6. 12. 31. ||| {@Mahānadī<sup>3</sup>@}¦ f. (sg., pl.): Epithet of certain rivers. <div n="P">(1) When Śiva's chariot was made ready for his fight with demons who fought from the Tripuras, the Mahānadī's were made its hind parts ({%jaṅghās tasya mahānadīḥ%}) 8. 24. 69 (by Mahānadīs (pl.) are probably meant rivers like Kuśadhārā, Gaṅgā, Car- maṇvatī, Pūrṇāśā, Bāhudā<sup>2</sup>, Yamunā, Vadhū- sarā, Vandanā, which are described as ‘great rivers’); (2) When Pāṇḍu with his two wives went to the north beyond the Śataśṛṅga mountain, he saw the regions of the king of mountains and banks of big rivers ({%mahā-%} {%nadīnitambān%}) 1. 111. 5-7; (3) Just as a person who knows the other bank is not afflicted while crossing a big river so are those who know the highest knowledge ({%mahānadīṃ hi pārajñas tapyate na taran%} {%yathā / evaṃ ye viduḥ … jñānam uttamam%}) 12. 187. 53.
107	MCI	supratika	supratIka	{@Supratika,@}¦ with the openings of his temples burst open ({%prabhinnakaraṭāmukha%}), dwells, together with the four {%diggajas%} (Airāvata and the others), in the region ({%lokasaṃsthili%}) known as Samā 6. 13 32, 33; it is difficult to measure the dimensions of Supratīka whose body stands immeasurably spread downwards, above and cross-wise; all these elephants, Supratīka and the four [Page072-b+ 38] {%diggajas,%} seize with their trunks the winds blowing from all directions and release them quickly and slowly which then blow into this world to sustain the creatures 6. 13. 34-37; the four {%diggajas,%} Airāvata and the others born in the {%kula%} of Supratīka, live in Pātāla 5. 97. 15, 1; lordly elephants born in the {%kula%} of Supratīka killed by Sātyaki in the epic war 7. 97. 24, 26.	{@Supratīka<sup>1</sup>@}¦ m.: Name of Bhagadatta's elephant. {@A.@} Description: big ({%mahādvipa%} 6. 91. 41; 7. 25. 36; 7. 27. 29; 7. 28. 39); excel- lent, chief or king of the elephants ({%gaja-%} {%pravara%} 6. 91. 52; {%nāgapravara%} 7. 25. 20, 58; {%vāraṇottama%} 6. 17. 36; {%dviparṣabha%} 7. 25. 35; {%dviradaśreṣṭha%} 7. 26. 5; {%nāgendra%} 6. 91. 36; {%gajapati%} 6. 91. 43; {%nāgarāja%} 6. 79. 25; 7. 25. 56); very swift ({%āśugati%} 7. 25. 39), hence although one, appeared to enemies like hundreds or hosts of elephants 7. 25. 39, 59; never fatigued, the elephant always achieved his objective in battles ({%saṃkhye kṛtakarmā%} [Page070-b+ 40] {%jitaklamaḥ%}) 7. 26. 5; indescribable, unrival- led in battles ({%sadāpratigajo yudhi /sarva-%} {%śabdātigaḥ%}) 7. 26. 5; white like silver ({%rajatopama%} 6. 112. 57); compared with elephant of Indra ({%mahendragajasaṃnibha%} 6. 112. 55); at one place Supratīka actually identified with the elephant of Indra ({%yena%} {%nāgena maghavān ajayad daityadānavān / sa%} {%nāgapravaro bhīmaṃ sahasā samupādravat%}) 7. 25. 20; yet also said to be in appearance (dark ?) like a cloud ({%jīmūtasaṃkāśān%} {%nāgāt%} 7. 27. 24). {@B.@} Part in the epic war: Ordered by Bhīsma, Bhagadatta with his elephant in rut (not named) rushed against Bhīma; Abhimanyu and other heroes pierced the elephant with arrows; incited, the elephant ran with double speed; the rutting elephant, goaded by Bhagadatta, attacked with double speed the Pāṇḍava warriors like the God of Death; seeing his big form all the great warriors on the side of the Pāṇḍavas became uneasy 6. 60. 37-44; Ghaṭotkaca drove his elephant against Bhagadatta in order to kill him and his elephant; the other elephants driven by the Rākṣasas also attacked Bhaga- datta's elephant with tusks; afflicted by the attack and pierced with arrows, Bhagadatta's elephant roared loudly like a thunder; hearing it Bhīṣma reported to Droṇa and Duryodhaṇa that Bhagadatta must be in danger 6. 60. 53- 57; in another battle between Bhagadatta and Ghaṭotkaca, the latter tried to kill the former's elephant (Supratīka not named, referred to as {%prāgjyotiṣagaja%}) with a {%śakti,%} but it was cut into three pieces by Bhagadatta 6. 79. 37-38; Bhagadatta, mounted on Supratīka, attacked the Pāṇḍava heroes (6. 91. 23); Bhagadatta, seated on Supratīka's head ({%supratīkaśiro-%} {%gataḥ%} 6. 91. 33), ichor flowing from Supra- tīka's temples in seven streams, attacked [Page071-a+ 40] Bhīma 6. 91. 31-33, 37; Pāṇḍava warriors encircled Supratīka on all sides; Supratīka attacked by the mountain-like elephant of the king of the Daśārṇa country 6. 91. 40, 42; Bhagadatta goaded his elephant Supratīka with his hook and toe ({%aṅkuśāṅguṣṭhanuditaḥ%} {%sa gajapravaro yudhi%} 6. 91. 52); running hither and thither Supratīka crushed chariots, horses together with their riders, and foot- soldiers in hundreds and thousands; as a result the Pāṇḍava army squeezed like a piece of skin placed on fire; in order to kill Supra- tīka Ghaṭotkaca hurled his {%śūla%} against him, but Bhagadatta protected him by cutting down the {%śūla%} 6. 91. 53-54, 57-58; Bhagadatta, with his Supratīka crushing the Pāṇḍava army, rushed towards Yudhi- ṣṭhira 6. 91. 79; Arjuna with great effort checked the advance of Supratīka and pierced him with sharp arrows made of {%ayas%} 6. 112. 55, 57; in the fight of Bhagadatta with Bhīma, the former's elephant (Supratīka not named) appeared to kill Bhīma 7. 25. 19-24; Bhagadatta on his elephant fought the army of the Pāṇḍavas and the Pāñcālas 7. 25. 24-27, and the army led by Yudhiṣṭhira 7. 25. 32-41; Bhagadatta's elephant took hold of Sātyaki's chariot and hurled it away 7. 25. 36; in the encounter between Bhaga- datta's elephant and the elephant of the king of Daśārṇas the former proved victorious 7. 25. 28-30; in the encounter between Bhīma and Bhagadatta, the latter's elephant frightened Bhīma's horses by sprinkling water on them 7. 25. 43; he shattered the charioteer of Y [...TRUNCATED] ||| {@Supratīka<sup>2</sup>@}¦ m.: A mythical serpent.
108	MCI	vEsAKa	vESAKa	{@Vaisākha@}¦ m.: Name of a month, also called {@Mādhava.@} {@A.@} Event: Yavakrī, the son of Bhara- dvāja, in his wanderings once went to Rai- bhya's {%āśrama%} in the month of Mādhava ({%mādhave māsi%}) 3. 137. 1 (Nī. on Bom. Ed. 3. 136. 1: {%mādhave vaiśākhe%}). {@B.@} Reli- gious rite: {%upavāsa:%} Aṅgiras told Bhīṣma that if one, with controlled sense organs, spent the month of Vaiśākha eating only once a day ({%nistared ekabhaktena vaiśākham%}), whether he be a man or a woman, became [Page270-b+ 39] eminent among his kinsmen 13. 109. 23. {@C.@} Use in a Simile: Description of a “Brah- macārī” who visited Ṛśyaśṛṅga's hermitage: just as the forest, in the month of Mādhava ({%mādhavamāsi%}), when stirred by the wind, wafts (fragrance), so does ‘he’, when attended by wind, emits (fragrance) 3. 112. 8.	[no separate entry under this headword]
109	MW	Bawwaraka	BawwAraka	<s>Bawwaraka</s> ¦ <lex>mf(<s>ikA</s>)n.</lex> venerable, <ls>L.</ls><info lex="m:f#ikA:n"/>	<s>BawwAraka</s> ¦ <lex>m.</lex> a great lord, venerable or worshipful person (used of gods and of great or learned men, <ab>esp.</ab> of <ns>Buddhist</ns> teachers and of a <ab>partic.</ab> class of <s1>Śaiva</s1> monks), <ls>Inscr.</ls>; <ls>Vet.</ls>; <ls>Hit.</ls> &c.<info lex="m"/> ||| ¦ (in <ab>dram.</ab>) a king, <ls>W.</ls><info lex="inh"/> ||| ¦ the sun, <ls>ib.</ls><info lex="inh"/>
110	MW	akzAMsa	akzAMSa	<s>akzA<srs/>Msa</s> ¦ <lex>m.</lex> a degree of latitude.<info lex="m"/>	[no separate entry under this headword]
111	MW	kattfna	kattfRa	<s>kat—tfna</s> ¦ <lex>n.</lex> a fragrant grass, <ls>Suśr.</ls><info lex="n"/> ||| ¦ <bot>Pistia Stratiotes</bot>, <ls>L.</ls><info lex="inh"/>	<s>kat-tfRa</s> ¦ &c. See <hom>2.</hom> <s>kad</s>.
112	MW	prativoDavya	prativoQavya	<s>prati-˚voDavya</s> ¦ <lex>mfn.</lex> to be carried home, <ls>R.</ls><info lex="m:f:n"/>	<s>prati-voQavya</s> ¦ See under <s>prati√ vah</s>, <ab>col.</ab> 1.
113	SKD	hitAbalI	hitAvalI	hitAbalI¦, strI, (hitAnAM AvalI yatra .) OzaDaviSezaH . hiyAvalI iti hindI BAzA . tatparyyAyaH . hfdgAtrI 2 kuzWaGnaH 3 aNgAra- kuzWakaH 4 aNgAragranTiH 5 granTiH 6 granTilaH 7 . asyA guRAH . sArakatvam . tiktatvam . plIhagulmodarakfmikuzWagadAtyugraKarjjukaRqUtinA- SitvaYca . iti rAjanirGaRwaH ..	[no separate entry under this headword]
114	SKD	pUzaBAzA	pUzaBAsA	pUzaBAzA¦, strI, (pUzeva sUryya iva BAsate iti . BAsa + ac . wAp .) indranagarI . tatparyyAyaH . surapurI 2 . iti SabdaratnAvalI ..	[no separate entry under this headword]
115	SKD	vfzaBAzA	vfzaBAsA	vfzaBAzA¦, strI, (vfzeRa DarmmeRa BAsate iti . BAsa + ac . striyAM wAp .) amarAvatI . iti trikARqaSezaH ..	[no separate entry under this headword]
116	WIL	boDidruna	boDidruma	{#boDidruna#}¦ <lex>m.</lex> ({#-maH#}) The holy fig tree, (<bot>Ficus religiosa</bot>.) <ab>E.</ab> {#boDi#} knowledge, {#druma#} a tree.	[no separate entry under this headword]
117	WIL	jAmbabat	jAmbavat	{#jAmbabat#}¦ <lex>m.</lex> ({#-vAn#}) A fabulous bear, father-in-law to KṚṢṆA. <ab>E.</ab> {#jAmba#} the {%Jambu%} tree, and {#matup#} affix; also {#jAmbuvat#}.	[no separate entry under this headword]
118	WIL	kaNkalodya	kaNkaloqya	{#kaNkalodya#}¦ <lex>n.</lex> ({#-qyaM#}) A kind of drug.	[no separate entry under this headword]
119	PW	Bagama	BagaRa	{#Bagama#}¦ <lex>m.</lex> {%der Umlauf der Gestirne%} <ls>HEMĀDRI 1,77,23. 78,1</ls>.	{#BagaRa#}¦ <lex>m.</lex> <div n="1">— 1〉 {%die Schar der Sterne, — Gestirne, — Mondhäuser, der Zodiakus%}. <div n="1">— 2〉 {%der Umlauf im Zodiakus%}. Auch <ab>überh.</ab> Umlauf (eines Planeten) <ls>ĀRYABH. 3,4</ls>.
120	PW	hemana	hEmana	*{#hemana#}¦ <lex>Adj.</lex> von <hom>2.</hom> {#heman#}.	<hom>1.</hom> {#hEmana/#}¦ <div n="1">— 1〉 <lex>Adj.</lex> (<lex>f.</lex> {#I#}) {%winterlich%} <ls>ŚIŚ. 6,55. 77</ls>. <div n="1">— 2〉 *<lex>m.</lex> {%ein <ab>best.</ab> Wintermonat%}. <div n="1">— 3〉 *<lex>m.</lex> <lex>n.</lex> {%Winter%}. ||| <hom>2.</hom> {#hEmana#}¦ <lex>Adj.</lex> {%golden%} <ls>BHĀVAPR. 2,32</ls>. <ab>v. l.</ab> {#hEmaja#} (so die <ab>Ausg.</ab>).
121	VCP	camIkara	cAmIkara	camIkara¦ pu0 kftasvarABiDe svarRasyotpattisTAne SabdArTaci0 yadyogAt svarRaM cAmIkaramityucyate .	cAmIkara¦ na0 camIkare svarRAkaraBede Bavam aR . 1 svarRe 2 DUstUre ca amaraH . “jagatIriha sPuritacAru cAmIkarAH” mAGaH . tasya vikAraH aR . 3 svarRRamaye tri0 “saSabdacAmIkarakiNkiRIkaH” kumA0 . asyot- pattyAdikaM kanakaSabde 1644 pf0 uktam .
122	GST	aprakaraRika	aprAkaraRika	{#aprakaraRika#}¦ Tatpur. m. f. n. ({#-kaH-kI-kam#}) Not being, or belonging to, the subject matter; e. g. in the {%Kāvyapr.:%} {#aprAkaraRikasyABiDAnena prAkariRakasyAkzepo'prastutapraSaMsA#}. E. {#a#} neg. and {#prAkaraRika#}.	[no separate entry under this headword]
